账户脱敏id,标签类型
18,嫌疑人
113,嫌疑人
217,嫌疑人
223,嫌疑人
279,嫌疑人
716,嫌疑人
1090,嫌疑人
1256,嫌疑人
1591,嫌疑人
1733,嫌疑人
1740,嫌疑人
1865,嫌疑人
2398,嫌疑人
2413,嫌疑人
2422,嫌疑人
3050,嫌疑人
3089,嫌疑人
3322,嫌疑人
3472,嫌疑人
3832,嫌疑人
4176,嫌疑人
4288,嫌疑人
4379,嫌疑人
4583,嫌疑人
4625,嫌疑人
4629,嫌疑人
4664,嫌疑人
4859,嫌疑人
4951,嫌疑人
4954,嫌疑人
4955,嫌疑人
5260,嫌疑人
5358,嫌疑人
5545,嫌疑人
5714,嫌疑人
6094,嫌疑人
6155,嫌疑人
6830,嫌疑人
7206,嫌疑人
7265,嫌疑人
7297,嫌疑人
7329,嫌疑人
7404,嫌疑人
7586,嫌疑人
7700,嫌疑人
7951,嫌疑人
8753,嫌疑人
8771,嫌疑人
8820,嫌疑人
9070,嫌疑人
9373,嫌疑人
9610,嫌疑人
9721,嫌疑人
10087,嫌疑人
10443,嫌疑人
10604,嫌疑人
10774,嫌疑人
10814,嫌疑人
11051,嫌疑人
