weight_model8_current_best,weight_model9_catboost,weight_model10_tgn,valid_auc,valid_pr_auc,valid_top5pct_recall,valid_top5pct_hits
0.75,0.2,0.05,0.9757020650055637,0.7940291820855534,0.9491525423728814,56
0.5,0.15,0.35,0.9745731973466615,0.7932188196095968,0.9491525423728814,56
0.55,0.15,0.3,0.9748037353300997,0.7929181112986372,0.9491525423728814,56
0.4,0.1,0.5,0.9743879984999662,0.7923895929622305,0.9491525423728814,56
0.2,0.05,0.75,0.9731354087899522,0.7923677083626415,0.9491525423728814,56
0.65,0.2,0.15,0.9753800802886949,0.792362649240185,0.9491525423728814,56
0.6,0.15,0.25,0.9750650117113295,0.7922895199179528,0.9491525423728814,56
0.8,0.2,0.0,0.976110885696194,0.792275304160731,0.9491525423728814,56
0.7,0.2,0.1,0.975499191580138,0.7918559246574246,0.9491525423728814,56
0.35,0.1,0.55,0.9742066419529949,0.7918153275326953,0.9491525423728814,56
0.75,0.25,0.0,0.9759103176506028,0.791764187732793,0.9491525423728814,56
0.6,0.2,0.2,0.9751848914627174,0.791297803631282,0.9491525423728814,56
0.45,0.15,0.4,0.9743119209654317,0.7911604423553726,0.9491525423728814,56
0.15,0.05,0.8,0.9725375469529027,0.7911302655308633,0.9491525423728814,56
0.3,0.1,0.6,0.9738731303369543,0.7911291293301171,0.9491525423728814,56
0.7,0.25,0.05,0.9755437622569362,0.7906045405110872,0.9491525423728814,56
0.65,0.15,0.2,0.9753308988522281,0.7905513703174378,0.9491525423728814,56
0.55,0.2,0.25,0.974944363499997,0.7900959830617418,0.9491525423728814,56
0.65,0.25,0.1,0.9753747010690814,0.7894053737811294,0.9491525423728814,56
0.4,0.15,0.45,0.9741382490179082,0.7893148261454996,0.9491525423728814,56
0.45,0.1,0.45,0.9744663814143351,0.7892701842215326,0.9491525423728814,56
0.5,0.2,0.3,0.9745678181270481,0.788993071215615,0.9491525423728814,56
0.25,0.1,0.65,0.9734074436104092,0.7889670811633046,0.9491525423728814,56
0.7,0.15,0.15,0.9754638424226776,0.7884865116049546,0.9491525423728814,56
0.75,0.15,0.1,0.9755760375746174,0.7878430904327817,0.9491525423728814,56
0.5,0.1,0.4,0.9744863613728998,0.7878077589951747,0.9491525423728814,56
0.25,0.05,0.7,0.9735749678783743,0.78779265871594,0.9491525423728814,56
0.55,0.1,0.35,0.9745870296256678,0.7876775287483074,0.9491525423728814,56
0.8,0.15,0.05,0.9759533514075112,0.7867901943096745,0.9491525423728814,56
0.6,0.25,0.15,0.9751533846049809,0.7864625939270792,0.9491525423728814,56
0.85,0.15,0.0,0.9762622723053184,0.7861518764728602,0.9491525423728814,56
0.35,0.15,0.5,0.9739476709515993,0.786120818017043,0.9491525423728814,56
0.7,0.3,0.0,0.9755583629958872,0.7860939259587906,0.9491525423728814,56
0.6,0.1,0.3,0.9748506113867321,0.7857034045302848,0.9491525423728814,56
0.3,0.05,0.65,0.9740268223259131,0.7856867237369333,0.9491525423728814,56
0.65,0.1,0.25,0.9750880655096734,0.7848851569491959,0.9491525423728814,56
0.45,0.2,0.35,0.9742174003922219,0.7844547320600825,0.9491525423728814,56
0.7,0.1,0.2,0.9753270565525043,0.7840846703088903,0.9491525423728814,56
0.35,0.05,0.6,0.9742373803507867,0.7840566334341793,0.9491525423728814,56
0.75,0.1,0.15,0.9755230138384267,0.7840344689614374,0.9491525423728814,56
0.8,0.1,0.1,0.9756613366284896,0.7830218841810407,0.9491525423728814,56
0.4,0.05,0.55,0.9744341060966538,0.7829869477726124,0.9491525423728814,56
0.55,0.25,0.2,0.9749128566422605,0.7828557366856747,0.9491525423728814,56
0.45,0.05,0.5,0.9744917405925133,0.78245858157219,0.9491525423728814,56
0.65,0.3,0.05,0.9752955496947677,0.7823577176013707,0.9491525423728814,56
0.85,0.1,0.05,0.9760686203992303,0.7822187084329856,0.9491525423728814,56
0.9,0.1,0.0,0.9764490080719033,0.7819187466788367,0.9491525423728814,56
0.5,0.05,0.45,0.974534005889477,0.7802147659420757,0.9491525423728814,56
0.55,0.05,0.4,0.9745209420704155,0.7782350151997679,0.9491525423728814,56
0.6,0.3,0.1,0.9750611694116056,0.7779756692184913,0.9491525423728814,56
0.3,0.15,0.55,0.9735265549018524,0.777923013021808,0.9491525423728814,56
0.4,0.2,0.4,0.9738377811794938,0.7777911437355114,0.9491525423728814,56
0.5,0.25,0.25,0.9745808819461094,0.7777879975543981,0.9491525423728814,56
0.1,0.05,0.85,0.9717006940730223,0.7777244490520174,0.9491525423728814,56
0.2,0.1,0.7,0.9728057394736358,0.7777128700725621,0.9491525423728814,56
0.65,0.35,0.0,0.9752432944185218,0.7763953972587614,0.9491525423728814,56
0.6,0.05,0.35,0.9745670496671032,0.776088639043921,0.9491525423728814,56
0.65,0.05,0.3,0.9747583961933568,0.7751855256255521,0.9491525423728814,56
0.55,0.3,0.15,0.9748237152886642,0.775099619936255,0.9491525423728814,56
0.45,0.25,0.3,0.9742074104129396,0.7749155735339455,0.9491525423728814,56
0.7,0.05,0.25,0.9749958503162981,0.7748801837560466,0.9491525423728814,56
0.75,0.05,0.2,0.9751948814419997,0.7739643306673631,0.9491525423728814,56
0.35,0.2,0.45,0.9735572932996439,0.7737783578692266,0.9491525423728814,56
0.8,0.05,0.15,0.9754046710069284,0.7718970715738059,0.9491525423728814,56
0.6,0.35,0.05,0.9749697226781752,0.7718794996643193,0.9491525423728814,56
0.85,0.05,0.1,0.9756813165870541,0.7705976905461436,0.9491525423728814,56
0.5,0.3,0.2,0.9746523487209753,0.7704385096450754,0.9491525423728814,56
0.25,0.15,0.6,0.973035508997129,0.7703888881205213,0.9491525423728814,56
0.9,0.05,0.05,0.9761170333757523,0.7687941850516065,0.9491525423728814,56
0.4,0.25,0.35,0.9737355760068362,0.7685591750443508,0.9491525423728814,56
0.55,0.35,0.1,0.974739184694737,0.7669105729887264,0.9491525423728814,56
0.45,0.3,0.25,0.9741974204336573,0.7661012408208424,0.9491525423728814,56
0.6,0.4,0.0,0.9749074774226468,0.7660780993226299,0.9491525423728814,56
0.3,0.2,0.5,0.9731615364280752,0.766066555460707,0.9491525423728814,56
0.15,0.1,0.75,0.9719419904956874,0.766045179150904,0.9491525423728814,56
0.95,0.05,0.0,0.976457461131296,0.7642594219536532,0.9491525423728814,56
0.5,0.35,0.15,0.974485592912955,0.7642216216374815,0.9491525423728814,56
0.35,0.25,0.4,0.9732545200813953,0.7623803892641067,0.9491525423728814,56
0.55,0.4,0.05,0.974642358741693,0.7616148168828335,0.9491525423728814,56
0.4,0.3,0.3,0.9737317337071123,0.758999014686416,0.9491525423728814,56
0.2,0.15,0.65,0.9723592642457105,0.7589629387502238,0.9491525423728814,56
0.45,0.35,0.2,0.9742150950123876,0.7577990081468605,0.9491525423728814,56
0.5,0.4,0.1,0.9743818508204078,0.7570303596203395,0.9491525423728814,56
0.25,0.2,0.55,0.9726236144667195,0.756963642169434,0.9491525423728814,56
0.55,0.45,0.0,0.9745854927057781,0.755306521075334,0.9491525423728814,56
0.3,0.25,0.45,0.9727888333548502,0.7547579775181671,0.9491525423728814,56
0.35,0.3,0.35,0.9732237816836036,0.7543700063727637,0.9491525423728814,56
0.4,0.35,0.25,0.9737355760068361,0.7537097239823373,0.9491525423728814,56
0.45,0.4,0.15,0.9740844568217727,0.7525854172721738,0.9491525423728814,56
0.5,0.45,0.05,0.9742811825676398,0.7518482001177774,0.9491525423728814,56
0.45,0.45,0.1,0.9739515132513235,0.7452158257053739,0.9491525423728814,56
0.35,0.35,0.3,0.9731638418079096,0.7451899073982499,0.9491525423728814,56
0.4,0.4,0.2,0.9736594984723017,0.745173539904525,0.9491525423728814,56
0.3,0.3,0.4,0.9724822178368775,0.7451491004840288,0.9491525423728814,56
0.2,0.2,0.6,0.9718666814210977,0.7451357212366085,0.9491525423728814,56
0.15,0.15,0.7,0.9714063739141662,0.7451276889672305,0.9491525423728814,56
0.5,0.5,0.0,0.974131332878405,0.7451180047657704,0.9491525423728814,56
0.1,0.1,0.8,0.9707946797981103,0.7451166298771527,0.9491525423728814,56
0.05,0.05,0.9,0.9702045025605086,0.7451053160474248,0.9491525423728814,56
0.25,0.25,0.5,0.9721540854404506,0.7450863015978508,0.9491525423728814,56
0.45,0.5,0.05,0.9738193381408188,0.7358747454859483,0.9491525423728814,56
0.4,0.45,0.15,0.9735111857029566,0.7350725657735888,0.9491525423728814,56
0.35,0.4,0.25,0.973095448872823,0.734543758938665,0.9491525423728814,56
0.3,0.35,0.35,0.9724922078161597,0.7330856713165224,0.9491525423728814,56
0.25,0.3,0.45,0.9717821508271702,0.7294719271785672,0.9491525423728814,56
0.45,0.55,0.0,0.9736126224156693,0.7284837809836247,0.9491525423728814,56
0.4,0.5,0.1,0.9733697890731143,0.7259598678170522,0.9491525423728814,56
0.2,0.25,0.55,0.9714056054542213,0.7258719687247607,0.9491525423728814,56
0.35,0.45,0.2,0.9729609683824841,0.7248061296666662,0.9491525423728814,56
0.3,0.4,0.3,0.9723723280647719,0.722887143579231,0.9491525423728814,56
0.15,0.2,0.65,0.970873831172424,0.7228409091921252,0.9491525423728814,56
0.4,0.55,0.05,0.9731746002471366,0.7211067405365164,0.9491525423728814,56
0.25,0.35,0.4,0.9716000258202541,0.7197127778092028,0.9322033898305084,55
0.35,0.5,0.15,0.9728057394736357,0.7170240662869887,0.9322033898305084,55
0.4,0.6,0.0,0.9729240823051339,0.7138068449635738,0.9322033898305084,55
0.3,0.45,0.25,0.9723077774294093,0.7137962128786688,0.9322033898305084,55
0.2,0.3,0.5,0.9709168649293325,0.7137401343126604,0.9322033898305084,55
0.1,0.15,0.75,0.9700446628919914,0.7137240978752272,0.9322033898305084,55
0.35,0.55,0.1,0.9726428259653394,0.7118547451137142,0.9322033898305084,55
0.25,0.4,0.35,0.9715931096807511,0.7093892399868007,0.9322033898305084,55
0.3,0.5,0.2,0.9721586962001193,0.7064732365086743,0.9322033898305084,55
0.15,0.25,0.6,0.9703958490867622,0.706397840403695,0.9322033898305084,55
0.35,0.6,0.05,0.9723723280647719,0.7048629027443533,0.9322033898305084,55
0.2,0.35,0.45,0.9705948802124637,0.7021012188963586,0.9322033898305084,55
0.25,0.45,0.3,0.9714578607304672,0.7009370644216069,0.9322033898305084,55
0.3,0.55,0.15,0.9720057726711053,0.6984828435548258,0.9322033898305084,55
0.35,0.65,0.0,0.9720611017871305,0.6977398376389363,0.9322033898305084,55
0.3,0.6,0.1,0.9717660131683297,0.6926182469058171,0.9322033898305084,55
0.25,0.5,0.25,0.9713379809790794,0.6921992896945114,0.9322033898305084,55
0.2,0.4,0.4,0.9704834535204688,0.6921657171938327,0.9322033898305084,55
0.15,0.3,0.55,0.969874833244192,0.6921351641218759,0.9322033898305084,55
0.1,0.2,0.7,0.9694222103367085,0.6921266062294128,0.9322033898305084,55
0.05,0.1,0.85,0.9687636401640201,0.6921227695086823,0.9322033898305084,55
0.3,0.65,0.05,0.9714593976503568,0.6869752222390229,0.9152542372881356,54
0.25,0.55,0.2,0.9711689197912249,0.685101671440605,0.9152542372881356,54
0.2,0.45,0.35,0.9704112182856581,0.6825478342860367,0.9152542372881356,54
0.3,0.7,0.0,0.9711135906751996,0.6787700464219063,0.9152542372881356,54
0.15,0.35,0.5,0.9694060726778677,0.6786849525983426,0.9152542372881356,54
0.25,0.6,0.15,0.9709552879265722,0.674861804691609,0.9152542372881356,54
0.2,0.5,0.3,0.9702444624776378,0.6701694407162949,0.9152542372881356,54
0.1,0.25,0.65,0.9688351069388861,0.6701130762005604,0.9152542372881356,54
0.25,0.65,0.1,0.9707139915039068,0.6675866173326391,0.9152542372881356,54
0.15,0.4,0.45,0.9690756349016064,0.6663137909599443,0.9152542372881356,54
0.2,0.55,0.25,0.9701499419044282,0.6634552557962813,0.9152542372881356,54
0.25,0.7,0.05,0.9703359092110684,0.6620396444744486,0.9152542372881356,54
0.9,0.0,0.1,0.9750473371325992,0.6579056109306536,0.9491525423728814,56
0.85,0.0,0.15,0.974604704204398,0.6578939184592563,0.9491525423728814,56
0.8,0.0,0.2,0.9744079784585309,0.6578881177797904,0.9491525423728814,56
0.75,0.0,0.25,0.9741866619944302,0.6578817092502279,0.9491525423728814,56
0.7,0.0,0.3,0.973929996372869,0.6578745213735053,0.9491525423728814,56
0.55,0.0,0.45,0.973691773789983,0.6578691607105366,0.9491525423728814,56
0.6,0.0,0.4,0.9737109852886028,0.6578690925520629,0.9491525423728814,56
0.65,0.0,0.35,0.9737225121877746,0.6578689930636161,0.9491525423728814,56
0.5,0.0,0.5,0.9736379815938473,0.6578684336625936,0.9491525423728814,56
0.45,0.0,0.55,0.9735580617595888,0.6578672105987668,0.9491525423728814,56
0.4,0.0,0.6,0.9734727627057167,0.6578660901895372,0.9491525423728814,56
0.35,0.0,0.65,0.9732906376988006,0.6578628062739273,0.9491525423728814,56
0.3,0.0,0.7,0.9729632737623184,0.6578571128232563,0.9491525423728814,56
0.25,0.0,0.75,0.9725360100330129,0.6578496577884787,0.9491525423728814,56
0.2,0.0,0.8,0.9720657125467992,0.6578418362486793,0.9491525423728814,56
0.15,0.0,0.85,0.9716261534583771,0.6578343846805113,0.9491525423728814,56
0.1,0.0,0.9,0.9711527821323841,0.657826761439253,0.9491525423728814,56
0.05,0.0,0.95,0.9706701892870536,0.6578186904131564,0.9491525423728814,56
0.95,0.0,0.05,0.9755306984378747,0.6576107962665022,0.9491525423728814,56
0.2,0.6,0.2,0.9699539846185057,0.6551792513054319,0.9152542372881356,54
0.1,0.3,0.6,0.9683110172565366,0.6550830985829623,0.9152542372881356,54
0.25,0.75,0.0,0.9700861597290102,0.6550398235918182,0.9152542372881356,54
0.15,0.45,0.4,0.9689357751916539,0.6549802069946276,0.9152542372881356,54
0.05,0.15,0.8,0.967697786220591,0.6549467466606593,0.9152542372881356,54
0.2,0.65,0.15,0.9696996243767789,0.6480404306477063,0.9152542372881356,54
0.15,0.5,0.35,0.9687982208615357,0.6450220366839748,0.9152542372881356,54
0.2,0.7,0.1,0.9693737973601864,0.6404054957882855,0.9152542372881356,54
0.1,0.35,0.55,0.967735440757886,0.640290225807598,0.9152542372881356,54
1.0,0.0,0.0,0.9756206082514155,0.6361676347468106,0.9491525423728814,56
0.15,0.55,0.3,0.9687236802468909,0.6342355033384846,0.9152542372881356,54
0.2,0.75,0.05,0.9691232794181835,0.6325816764115265,0.8983050847457628,53
0.2,0.8,0.0,0.9688620030369538,0.6242898008717106,0.8983050847457628,53
0.1,0.4,0.5,0.9672958816694639,0.624197534874366,0.8983050847457628,53
0.05,0.2,0.75,0.9668417218420908,0.6241848906081862,0.8983050847457628,53
0.15,0.6,0.25,0.9685730620977112,0.6241473032819389,0.8983050847457628,53
0.15,0.65,0.2,0.9683625040728377,0.6167169444172158,0.8983050847457628,53
0.1,0.45,0.45,0.9670776390451423,0.6130504376526348,0.8983050847457628,53
0.15,0.7,0.15,0.968122744570062,0.6096667107176404,0.8983050847457628,53
0.15,0.75,0.1,0.9679045019457405,0.6048016316443952,0.8983050847457628,53
0.1,0.5,0.4,0.9669070409373982,0.604314003537489,0.8983050847457628,53
0.05,0.25,0.7,0.966121674873819,0.6042794582280112,0.8983050847457628,53
0.15,0.8,0.05,0.9676462994042899,0.5968832336184763,0.8983050847457628,53
0.1,0.55,0.35,0.9667825504263416,0.5933114251340623,0.8983050847457628,53
0.15,0.85,0.0,0.9674941443352207,0.5912982563753212,0.8983050847457628,53
0.1,0.6,0.3,0.9666872613931872,0.5821692048036553,0.8813559322033898,52
0.05,0.3,0.65,0.9655776052329049,0.582101051570055,0.8813559322033898,52
0.1,0.65,0.25,0.9665935092799223,0.5757431323637161,0.8813559322033898,52
0.1,0.7,0.2,0.966430595771626,0.5718532595161642,0.864406779661017,51
0.05,0.35,0.6,0.9651641737826058,0.5717534676893885,0.864406779661017,51
0.1,0.75,0.15,0.966281514542336,0.5654160064748893,0.864406779661017,51
0.1,0.8,0.1,0.9660932418558614,0.5583109669619635,0.864406779661017,51
0.05,0.4,0.55,0.9646677486582689,0.5582908752624762,0.864406779661017,51
0.1,0.85,0.05,0.9659649090450808,0.5541428690038852,0.864406779661017,51
0.1,0.9,0.0,0.9658519454331963,0.5506580876383502,0.864406779661017,51
0.05,0.45,0.5,0.9643964822977567,0.5505541887993716,0.864406779661017,51
0.05,0.5,0.45,0.9643388478018972,0.5386993261901456,0.864406779661017,51
0.05,0.55,0.4,0.9642197365104541,0.5279457869056875,0.864406779661017,51
0.05,0.6,0.35,0.9642389480090741,0.5197161481760205,0.864406779661017,51
0.05,0.65,0.3,0.9641836188930489,0.5108350679045915,0.864406779661017,51
0.05,0.7,0.25,0.9641198367176309,0.5025845876297282,0.864406779661017,51
0.05,0.75,0.2,0.9639507755297763,0.4955186066548715,0.847457627118644,50
0.05,0.8,0.15,0.9638808456748001,0.4875878615000095,0.847457627118644,50
0.05,0.85,0.1,0.9638531811167874,0.48377645442658834,0.847457627118644,50
0.05,0.9,0.05,0.9637870935615352,0.47809361559502467,0.847457627118644,50
0.05,0.95,0.0,0.9637448282645715,0.4736013769896514,0.847457627118644,50
0.0,0.9,0.1,0.9606763677050097,0.33572203030533676,0.847457627118644,50
0.0,0.95,0.05,0.9606894315240712,0.3357171578418859,0.847457627118644,50
0.0,0.85,0.15,0.9606072063099782,0.33571615938297567,0.847457627118644,50
0.0,0.8,0.2,0.9605318972353885,0.33570794090806677,0.847457627118644,50
0.0,0.75,0.25,0.9604158597837245,0.33568840047888243,0.847457627118644,50
0.0,1.0,0.0,0.9606994215033535,0.33568398251226444,0.847457627118644,50
0.0,0.7,0.3,0.9603382453293005,0.3356716198151416,0.847457627118644,50
0.0,0.65,0.35,0.9601999225392376,0.33565335697487303,0.847457627118644,50
0.0,0.6,0.4,0.9600592943693403,0.3356355408910893,0.847457627118644,50
0.0,0.55,0.45,0.9598510417243011,0.3356182575859354,0.847457627118644,50
0.0,0.5,0.5,0.9596420206193172,0.3356032539975471,0.847457627118644,50
0.0,0.45,0.55,0.9595036978292544,0.3355934699466166,0.847457627118644,50
0.0,0.4,0.6,0.9595336677671014,0.3355908801622579,0.847457627118644,50
0.0,0.35,0.65,0.9595344362270462,0.3355899456430632,0.847457627118644,50
0.0,0.3,0.7,0.9595221408679294,0.33558904192757055,0.847457627118644,50
0.0,0.25,0.75,0.9594960132298065,0.33558756549599056,0.847457627118644,50
0.0,0.2,0.8,0.9595006239894752,0.3355862980529583,0.847457627118644,50
0.0,0.15,0.85,0.9594107141759343,0.33558272059092736,0.847457627118644,50
0.0,0.1,0.9,0.9592224414894597,0.3355772088960157,0.847457627118644,50
0.0,0.05,0.95,0.9590180311441446,0.33557104985530994,0.847457627118644,50
0.0,0.0,1.0,0.8043508665154337,0.013913670148772593,0.15254237288135594,9
