experiment,model_key,model_alias,feature_policy,split,evaluation_scope,feature_count,auc,pr_auc_average_precision,top1pct_hits,top1pct_recall,top5pct_hits,top5pct_recall
v2_no_customer_type,model0_rule_v2_no_customer_type_strategy_A,规则基线,删除 customer_type,valid,strategy_A_eligible,,0.23711649860544948,0.0038877616717043484,0,0.0,0,0.0
v2_no_customer_type,model0_rule_v2_no_customer_type_strategy_A,规则基线,删除 customer_type,test,strategy_A_eligible,,0.22109075305728385,0.003858648435085986,0,0.0,0,0.0
v2_no_customer_type,model0_rule_v2_no_customer_type_strategy_A,规则基线,删除 customer_type,valid_all_accounts,all_accounts,,0.2276916078026349,0.003638832407575408,0,0.0,0,0.0
v2_no_customer_type,model0_rule_v2_no_customer_type_strategy_A,规则基线,删除 customer_type,test_all_accounts,all_accounts,,0.20828645727670092,0.003538668569339961,0,0.0,0,0.0
v2_no_customer_type,model1_xgb_stat_v2_no_customer_type_strategy_A,XGB 统计特征,删除 customer_type,valid,strategy_A_eligible,117,0.9742887792319245,0.30845317808254724,28,0.4745762711864407,56,0.9491525423728814
v2_no_customer_type,model1_xgb_stat_v2_no_customer_type_strategy_A,XGB 统计特征,删除 customer_type,test,strategy_A_eligible,117,0.9873778159193306,0.3571313558279721,31,0.5254237288135594,58,0.9830508474576272
v2_no_customer_type,model1_xgb_stat_v2_no_customer_type_strategy_A,XGB 统计特征,删除 customer_type,valid_all_accounts,all_accounts,117,0.9690418226640355,0.2450567061147543,27,0.4576271186440678,56,0.9491525423728814
v2_no_customer_type,model1_xgb_stat_v2_no_customer_type_strategy_A,XGB 统计特征,删除 customer_type,test_all_accounts,all_accounts,117,0.9833290299576425,0.27556030086251965,28,0.4745762711864407,58,0.9830508474576272
v2_no_customer_type,model2_xgb_stat_graph_v2_no_customer_type_strategy_A,XGB 统计+图特征,删除 customer_type,valid,strategy_A_eligible,203,0.9761561896588715,0.33222256917939375,31,0.5254237288135594,56,0.9491525423728814
v2_no_customer_type,model2_xgb_stat_graph_v2_no_customer_type_strategy_A,XGB 统计+图特征,删除 customer_type,test,strategy_A_eligible,203,0.9894511907316027,0.3781091158386718,32,0.5423728813559322,58,0.9830508474576272
v2_no_customer_type,model2_xgb_stat_graph_v2_no_customer_type_strategy_A,XGB 统计+图特征,删除 customer_type,valid_all_accounts,all_accounts,203,0.9708477035343009,0.2567631265917881,26,0.4406779661016949,56,0.9491525423728814
v2_no_customer_type,model2_xgb_stat_graph_v2_no_customer_type_strategy_A,XGB 统计+图特征,删除 customer_type,test_all_accounts,all_accounts,203,0.985529899239532,0.29053293947648773,27,0.4576271186440678,57,0.9661016949152542
v2_no_customer_type,model25_xgb_stat_graph_node2vec_v2_no_customer_type_strategy_A,XGB 统计+图+Node2Vec,删除 customer_type,valid,strategy_A_eligible,211,0.8470079382106844,0.026218637201440364,1,0.01694915254237288,17,0.288135593220339
v2_no_customer_type,model25_xgb_stat_graph_node2vec_v2_no_customer_type_strategy_A,XGB 统计+图+Node2Vec,删除 customer_type,test,strategy_A_eligible,211,0.8395674747908174,0.03124106612397946,4,0.06779661016949153,13,0.22033898305084745
v2_no_customer_type,model25_xgb_stat_graph_node2vec_v2_no_customer_type_strategy_A,XGB 统计+图+Node2Vec,删除 customer_type,valid_all_accounts,all_accounts,211,0.824738877310759,0.020267313940217142,1,0.01694915254237288,14,0.23728813559322035
v2_no_customer_type,model25_xgb_stat_graph_node2vec_v2_no_customer_type_strategy_A,XGB 统计+图+Node2Vec,删除 customer_type,test_all_accounts,all_accounts,211,0.8121284496166922,0.025938816133515726,4,0.06779661016949153,12,0.2033898305084746
v2_txn_graph_only,model2_xgb_stat_graph_v2_txn_graph_only_strategy_A,XGB 交易+图弱画像,删除 customer_type、region_code、account_age_months,valid,strategy_A_eligible,201,0.7313760995494529,0.028984991505578768,1,0.01694915254237288,1,0.01694915254237288
v2_txn_graph_only,model2_xgb_stat_graph_v2_txn_graph_only_strategy_A,XGB 交易+图弱画像,删除 customer_type、region_code、account_age_months,test,strategy_A_eligible,201,0.742173782450118,0.029625373380016147,1,0.01694915254237288,1,0.01694915254237288
v2_txn_graph_only,model2_xgb_stat_graph_v2_txn_graph_only_strategy_A,XGB 交易+图弱画像,删除 customer_type、region_code、account_age_months,valid_all_accounts,all_accounts,201,0.6895529407425167,0.021015277557640762,4,0.06779661016949153,12,0.2033898305084746
v2_txn_graph_only,model2_xgb_stat_graph_v2_txn_graph_only_strategy_A,XGB 交易+图弱画像,删除 customer_type、region_code、account_age_months,test_all_accounts,all_accounts,201,0.7198010610894918,0.021186397359716294,4,0.06779661016949153,9,0.15254237288135594
v3_no_customer_type,model3_hetero_prop_v3_no_customer_type_strategy_A,轻量异配图传播,删除 customer_type,train,strategy_A_eligible,819,0.9096537223771723,0.055097731950844754,4,0.06779661016949153,22,0.3728813559322034
v3_no_customer_type,model3_hetero_prop_v3_no_customer_type_strategy_A,轻量异配图传播,删除 customer_type,valid,strategy_A_eligible,819,0.8456090967603519,0.04240611636077264,4,0.06779661016949153,18,0.3050847457627119
v3_no_customer_type,model3_hetero_prop_v3_no_customer_type_strategy_A,轻量异配图传播,删除 customer_type,test,strategy_A_eligible,819,0.87128084102124,0.04778210639194184,4,0.06779661016949153,21,0.3559322033898305
v3_txn_graph_only,model3_hetero_prop_v3_txn_graph_only_strategy_A,轻量异配图传播,删除 customer_type、region_code、account_age_months,valid,strategy_A_eligible,805,0.7732143316884788,0.016901605839395862,2,0.03389830508474576,2,0.03389830508474576
v3_txn_graph_only,model3_hetero_prop_v3_txn_graph_only_strategy_A,轻量异配图传播,删除 customer_type、region_code、account_age_months,test,strategy_A_eligible,805,0.8001218622613173,0.03120924552650856,2,0.03389830508474576,2,0.03389830508474576
v3_no_customer_type,model4_stack_v3_no_customer_type_strategy_A,融合模型,删除 customer_type,valid,strategy_A_eligible,,0.9761561896588715,0.33188888672439715,31,0.5254237288135594,56,0.9491525423728814
v3_no_customer_type,model4_stack_v3_no_customer_type_strategy_A,融合模型,删除 customer_type,test,strategy_A_eligible,,0.9894511907316027,0.37797648003371975,32,0.5423728813559322,58,0.9830508474576272
v3_txn_graph_only,model4_stack_v3_txn_graph_only_strategy_A,融合模型,删除 customer_type、region_code、account_age_months,valid,strategy_A_eligible,,0.6855267110062219,0.04783283471610735,2,0.03389830508474576,12,0.2033898305084746
v3_txn_graph_only,model4_stack_v3_txn_graph_only_strategy_A,融合模型,删除 customer_type、region_code、account_age_months,test,strategy_A_eligible,,0.6879897017807337,0.048515026123614045,2,0.03389830508474576,14,0.23728813559322035
model5_xgb_dynamic_graph_v6_rolling_memory_dynamic_no_customer_type_strategy_A,model5_xgb_dynamic_graph_v6_rolling_memory_dynamic_no_customer_type_strategy_A,动态资金图谱 XGB,删除 customer_type，拼接时间分桶、金额分箱、时序模体和节点记忆动态特征,valid,strategy_A_eligible,383,0.9799562325681185,0.4615806480103397,35,0.5932203389830508,56,0.9491525423728814
model5_xgb_dynamic_graph_v6_rolling_memory_dynamic_no_customer_type_strategy_A,model5_xgb_dynamic_graph_v6_rolling_memory_dynamic_no_customer_type_strategy_A,动态资金图谱 XGB,删除 customer_type，拼接时间分桶、金额分箱、时序模体和节点记忆动态特征,test,strategy_A_eligible,383,0.9901754988199957,0.44446880349101964,35,0.5932203389830508,57,0.9661016949152542
model5_xgb_dynamic_graph_v6_rolling_memory_dynamic_no_customer_type_strategy_A,model5_xgb_dynamic_graph_v6_rolling_memory_dynamic_no_customer_type_strategy_A,动态资金图谱 XGB,删除 customer_type，拼接时间分桶、金额分箱、时序模体和节点记忆动态特征,valid_all_accounts,all_accounts,383,0.9742289272913939,0.32578704763506017,29,0.4915254237288136,56,0.9491525423728814
model5_xgb_dynamic_graph_v6_rolling_memory_dynamic_no_customer_type_strategy_A,model5_xgb_dynamic_graph_v6_rolling_memory_dynamic_no_customer_type_strategy_A,动态资金图谱 XGB,删除 customer_type，拼接时间分桶、金额分箱、时序模体和节点记忆动态特征,test_all_accounts,all_accounts,383,0.9855160669605257,0.31265441235426245,29,0.4915254237288136,57,0.9661016949152542
model5_xgb_dynamic_graph_v6_rolling_memory_dynamic_txn_graph_only_strategy_A,model5_xgb_dynamic_graph_v6_rolling_memory_dynamic_txn_graph_only_strategy_A,动态资金图谱 XGB 弱画像,删除 customer_type、region_code、account_age_months,valid,strategy_A_eligible,381,0.7302776228277194,0.028999200409201904,1,0.01694915254237288,1,0.01694915254237288
model5_xgb_dynamic_graph_v6_rolling_memory_dynamic_txn_graph_only_strategy_A,model5_xgb_dynamic_graph_v6_rolling_memory_dynamic_txn_graph_only_strategy_A,动态资金图谱 XGB 弱画像,删除 customer_type、region_code、account_age_months,test,strategy_A_eligible,381,0.7397571336623042,0.029666517111767012,1,0.01694915254237288,1,0.01694915254237288
model5_xgb_dynamic_graph_v6_rolling_memory_dynamic_txn_graph_only_strategy_A,model5_xgb_dynamic_graph_v6_rolling_memory_dynamic_txn_graph_only_strategy_A,动态资金图谱 XGB 弱画像,删除 customer_type、region_code、account_age_months,valid_all_accounts,all_accounts,381,0.6896113436983211,0.020972605145580518,4,0.06779661016949153,12,0.2033898305084746
model5_xgb_dynamic_graph_v6_rolling_memory_dynamic_txn_graph_only_strategy_A,model5_xgb_dynamic_graph_v6_rolling_memory_dynamic_txn_graph_only_strategy_A,动态资金图谱 XGB 弱画像,删除 customer_type、region_code、account_age_months,test_all_accounts,all_accounts,381,0.7237263544874987,0.021175367614390025,4,0.06779661016949153,9,0.15254237288135594
model5_xgb_dynamic_graph_v6_rolling_memory_dynamic_only_strategy_A,model5_xgb_dynamic_graph_v6_rolling_memory_dynamic_only_strategy_A,纯动态资金图谱 XGB,只使用 dyn_* 动态图谱特征,valid,strategy_A_eligible,180,0.7941420296073803,0.03256195369501541,1,0.01694915254237288,2,0.03389830508474576
model5_xgb_dynamic_graph_v6_rolling_memory_dynamic_only_strategy_A,model5_xgb_dynamic_graph_v6_rolling_memory_dynamic_only_strategy_A,纯动态资金图谱 XGB,只使用 dyn_* 动态图谱特征,test,strategy_A_eligible,180,0.8066148895086891,0.03376116813046822,1,0.01694915254237288,2,0.03389830508474576
model5_xgb_dynamic_graph_v6_rolling_memory_dynamic_only_strategy_A,model5_xgb_dynamic_graph_v6_rolling_memory_dynamic_only_strategy_A,纯动态资金图谱 XGB,只使用 dyn_* 动态图谱特征,valid_all_accounts,all_accounts,180,0.771377018744275,0.017959779077769727,2,0.03389830508474576,9,0.15254237288135594
model5_xgb_dynamic_graph_v6_rolling_memory_dynamic_only_strategy_A,model5_xgb_dynamic_graph_v6_rolling_memory_dynamic_only_strategy_A,纯动态资金图谱 XGB,只使用 dyn_* 动态图谱特征,test_all_accounts,all_accounts,180,0.7903226302232222,0.018639619397294502,2,0.03389830508474576,9,0.15254237288135594
v6_rolling_memory_dynamic_no_customer_type,model4_stack_v6_rolling_memory_dynamic_no_customer_type_strategy_A,动态资金图谱融合模型,XGB 主模型 + 动态资金图谱分支，验证集选择权重,valid,strategy_A_eligible,,0.9749633125938639,0.31326926285187806,28,0.4745762711864407,56,0.9491525423728814
v6_rolling_memory_dynamic_no_customer_type,model4_stack_v6_rolling_memory_dynamic_no_customer_type_strategy_A,动态资金图谱融合模型,XGB 主模型 + 动态资金图谱分支，验证集选择权重,test,strategy_A_eligible,,0.9862484445397983,0.33847227642572886,27,0.4576271186440678,57,0.9661016949152542
v6_rolling_memory_dynamic_no_customer_type,model4_stack_v6_rolling_memory_dynamic_no_customer_type_strategy_A,动态资金图谱融合模型,XGB 主模型 + 动态资金图谱分支，验证集选择权重,valid_all_accounts,all_accounts,,0.9756505781892625,0.33305514454750074,32,0.5423728813559322,56,0.9491525423728814
v6_rolling_memory_dynamic_no_customer_type,model4_stack_v6_rolling_memory_dynamic_no_customer_type_strategy_A,动态资金图谱融合模型,XGB 主模型 + 动态资金图谱分支，验证集选择权重,test_all_accounts,all_accounts,,0.9879674541844181,0.36155310295978255,33,0.559322033898305,57,0.9661016949152542
