account_id,score,risk_rank,label_text,explanation_grade,explanation_reason,has_direct_association,has_suspicious_path_or_structure,feature_nonzero_count,feature_evidence,node_profile_evidence,node_profile_evidence_count,edge_coverage_status,link_generation_blocked,evidence_coverage_status,short_evidence,history_txn_count,history_amount_sum,direct_counterparty_count,first_txn_time,last_txn_time,recommended_next_step
4379,0.9798592946694328,156,嫌疑人,A,链路证据型：存在多跳可疑路径或资金流结构，可直接画资金链路。,True,True,5,历史交易数=4；历史交易金额=1.2e+04；直接交易对手=2；交易时间跨度=2025-11-19 15:37:53至2025-11-19 15:38:14；dyn_total_active_week_count=1(分位44.8%)；dyn_total_week_txn_burst_ratio=1(分位100.0%)；dyn_cp_new_second_half_ratio=1(分位100.0%),开户时长分箱=6.32258065；地区编码=277；客户类型=对私,3,has_incident_transaction_edge,False,model_score+node_profile+edge_audit,存在可追溯资金链路或资金结构。,4,12000.0,2,2025-11-19 15:37:53,2025-11-19 15:38:14,进入人工复核队列，核验上下游账户和关键交易时间。
1740,0.7276585189862,3014,嫌疑人,B,直接关联型：存在直接交易对手，可输出 Top20 关联账户。,True,False,6,历史交易数=6；历史交易金额=1.883e+04；直接交易对手=2；交易时间跨度=2025-07-31 10:39:16至2025-12-24 16:35:05；total_txn_count=2(分位61.3%)；total_amount_sum=6332(分位53.5%)；counterparty_amount_top_ratio=0.5(分位96.5%),开户时长分箱=175.67741935；地区编码=177；客户类型=对私,3,has_incident_transaction_edge,False,model_score+node_profile+edge_audit,存在直接交易对手，可进行上下游核验。,6,18828.88,2,2025-07-31 10:39:16,2025-12-24 16:35:05,进入人工复核队列，核验上下游账户和关键交易时间。
7265,0.6235050058627221,4251,嫌疑人,B,直接关联型：存在直接交易对手，可输出 Top20 关联账户。,True,False,6,历史交易数=6；历史交易金额=2633；直接交易对手=2；交易时间跨度=2025-11-06 10:15:59至2025-12-06 11:21:36；total_txn_count=2(分位61.3%)；total_amount_sum=1129(分位47.8%)；counterparty_amount_top_ratio=0.5(分位96.5%),开户时长分箱=7.03225806；地区编码=900；客户类型=对私,3,has_incident_transaction_edge,False,model_score+node_profile+edge_audit,存在直接交易对手，可进行上下游核验。,6,2633.3999999999996,2,2025-11-06 10:15:59,2025-12-06 11:21:36,进入人工复核队列，核验上下游账户和关键交易时间。
7329,0.9997835302606656,1,嫌疑人,D,数据缺边型：交易边表没有该账户历史交易，不能生成可信资金链路。,False,False,0,交易统计、图结构、动态资金图谱特征均为0，说明当前交易边表没有覆盖该账户行为。,开户时长分箱=5.80645161；地区编码=755；客户类型=对私,3,account_id_not_present_as_src_or_dst,True,model_score+node_profile+edge_audit,交易边表未覆盖该账户，无法生成可信链路。,0,0.0,0,,,补充该账户完整交易流水或扩大子图抽样范围。
4955,0.9996933345359428,2,嫌疑人,D,数据缺边型：交易边表没有该账户历史交易，不能生成可信资金链路。,False,False,0,交易统计、图结构、动态资金图谱特征均为0，说明当前交易边表没有覆盖该账户行为。,开户时长分箱=9.67741935；地区编码=433；客户类型=对私,3,account_id_not_present_as_src_or_dst,True,model_score+node_profile+edge_audit,交易边表未覆盖该账户，无法生成可信链路。,0,0.0,0,,,补充该账户完整交易流水或扩大子图抽样范围。
7951,0.9996843149634708,3,嫌疑人,D,数据缺边型：交易边表没有该账户历史交易，不能生成可信资金链路。,False,False,0,交易统计、图结构、动态资金图谱特征均为0，说明当前交易边表没有覆盖该账户行为。,开户时长分箱=5.12903226；地区编码=745；客户类型=对私,3,account_id_not_present_as_src_or_dst,True,model_score+node_profile+edge_audit,交易边表未覆盖该账户，无法生成可信链路。,0,0.0,0,,,补充该账户完整交易流水或扩大子图抽样范围。
716,0.99952196265897,4,嫌疑人,D,数据缺边型：交易边表没有该账户历史交易，不能生成可信资金链路。,False,False,0,交易统计、图结构、动态资金图谱特征均为0，说明当前交易边表没有覆盖该账户行为。,开户时长分箱=6.16129032；地区编码=723；客户类型=对私,3,account_id_not_present_as_src_or_dst,True,model_score+node_profile+edge_audit,交易边表未覆盖该账户，无法生成可信链路。,0,0.0,0,,,补充该账户完整交易流水或扩大子图抽样范围。
1256,0.9995039235140252,5,嫌疑人,D,数据缺边型：交易边表没有该账户历史交易，不能生成可信资金链路。,False,False,0,交易统计、图结构、动态资金图谱特征均为0，说明当前交易边表没有覆盖该账户行为。,开户时长分箱=48.16129032；地区编码=416；客户类型=对公,3,account_id_not_present_as_src_or_dst,True,model_score+node_profile+edge_audit,交易边表未覆盖该账户，无法生成可信链路。,0,0.0,0,,,补充该账户完整交易流水或扩大子图抽样范围。
1090,0.9991341210426624,7,嫌疑人,D,数据缺边型：交易边表没有该账户历史交易，不能生成可信资金链路。,False,False,0,交易统计、图结构、动态资金图谱特征均为0，说明当前交易边表没有覆盖该账户行为。,开户时长分箱=15.09677419；地区编码=416；客户类型=对公,3,account_id_not_present_as_src_or_dst,True,model_score+node_profile+edge_audit,交易边表未覆盖该账户，无法生成可信链路。,0,0.0,0,,,补充该账户完整交易流水或扩大子图抽样范围。
1865,0.99904392531794,8,嫌疑人,D,数据缺边型：交易边表没有该账户历史交易，不能生成可信资金链路。,False,False,0,交易统计、图结构、动态资金图谱特征均为0，说明当前交易边表没有覆盖该账户行为。,开户时长分箱=6.77419355；地区编码=731；客户类型=对公,3,account_id_not_present_as_src_or_dst,True,model_score+node_profile+edge_audit,交易边表未覆盖该账户，无法生成可信链路。,0,0.0,0,,,补充该账户完整交易流水或扩大子图抽样范围。
7206,0.9987913772887164,9,嫌疑人,D,数据缺边型：交易边表没有该账户历史交易，不能生成可信资金链路。,False,False,0,交易统计、图结构、动态资金图谱特征均为0，说明当前交易边表没有覆盖该账户行为。,开户时长分箱=12.5483871；地区编码=664；客户类型=对公,3,account_id_not_present_as_src_or_dst,True,model_score+node_profile+edge_audit,交易边表未覆盖该账户，无法生成可信链路。,0,0.0,0,,,补充该账户完整交易流水或扩大子图抽样范围。
7404,0.998710201136466,10,嫌疑人,D,数据缺边型：交易边表没有该账户历史交易，不能生成可信资金链路。,False,False,0,交易统计、图结构、动态资金图谱特征均为0，说明当前交易边表没有覆盖该账户行为。,开户时长分箱=14.74193548；地区编码=664；客户类型=对公,3,account_id_not_present_as_src_or_dst,True,model_score+node_profile+edge_audit,交易边表未覆盖该账户，无法生成可信链路。,0,0.0,0,,,补充该账户完整交易流水或扩大子图抽样范围。
5260,0.9983313790926308,11,嫌疑人,D,数据缺边型：交易边表没有该账户历史交易，不能生成可信资金链路。,False,False,0,交易统计、图结构、动态资金图谱特征均为0，说明当前交易边表没有覆盖该账户行为。,开户时长分箱=5.16129032；地区编码=434；客户类型=对私,3,account_id_not_present_as_src_or_dst,True,model_score+node_profile+edge_audit,交易边表未覆盖该账户，无法生成可信链路。,0,0.0,0,,,补充该账户完整交易流水或扩大子图抽样范围。
7700,0.9980788310634074,12,嫌疑人,D,数据缺边型：交易边表没有该账户历史交易，不能生成可信资金链路。,False,False,0,交易统计、图结构、动态资金图谱特征均为0，说明当前交易边表没有覆盖该账户行为。,开户时长分箱=5.83870968；地区编码=673；客户类型=对私,3,account_id_not_present_as_src_or_dst,True,model_score+node_profile+edge_audit,交易边表未覆盖该账户，无法生成可信链路。,0,0.0,0,,,补充该账户完整交易流水或扩大子图抽样范围。
5358,0.9979164787589068,13,嫌疑人,D,数据缺边型：交易边表没有该账户历史交易，不能生成可信资金链路。,False,False,0,交易统计、图结构、动态资金图谱特征均为0，说明当前交易边表没有覆盖该账户行为。,开户时长分箱=36.67741935；地区编码=460；客户类型=对私,3,account_id_not_present_as_src_or_dst,True,model_score+node_profile+edge_audit,交易边表未覆盖该账户，无法生成可信链路。,0,0.0,0,,,补充该账户完整交易流水或扩大子图抽样范围。
7297,0.9978353026066564,14,嫌疑人,D,数据缺边型：交易边表没有该账户历史交易，不能生成可信资金链路。,False,False,0,交易统计、图结构、动态资金图谱特征均为0，说明当前交易边表没有覆盖该账户行为。,开户时长分箱=20.35483871；地区编码=448；客户类型=对私,3,account_id_not_present_as_src_or_dst,True,model_score+node_profile+edge_audit,交易边表未覆盖该账户，无法生成可信链路。,0,0.0,0,,,补充该账户完整交易流水或扩大子图抽样范围。
3832,0.9975196175701272,15,嫌疑人,D,数据缺边型：交易边表没有该账户历史交易，不能生成可信资金链路。,False,False,0,交易统计、图结构、动态资金图谱特征均为0，说明当前交易边表没有覆盖该账户行为。,开户时长分箱=5.4516129；地区编码=388；客户类型=对私,3,account_id_not_present_as_src_or_dst,True,model_score+node_profile+edge_audit,交易边表未覆盖该账户，无法生成可信链路。,0,0.0,0,,,补充该账户完整交易流水或扩大子图抽样范围。
4951,0.9975015784251826,16,嫌疑人,D,数据缺边型：交易边表没有该账户历史交易，不能生成可信资金链路。,False,False,0,交易统计、图结构、动态资金图谱特征均为0，说明当前交易边表没有覆盖该账户行为。,开户时长分箱=76.64516129；地区编码=790；客户类型=对私,3,account_id_not_present_as_src_or_dst,True,model_score+node_profile+edge_audit,交易边表未覆盖该账户，无法生成可信链路。,0,0.0,0,,,补充该账户完整交易流水或扩大子图抽样范围。
18,0.9969513845043744,17,嫌疑人,D,数据缺边型：交易边表没有该账户历史交易，不能生成可信资金链路。,False,False,0,交易统计、图结构、动态资金图谱特征均为0，说明当前交易边表没有覆盖该账户行为。,开户时长分箱=49.35483871；地区编码=280；客户类型=对私,3,account_id_not_present_as_src_or_dst,True,model_score+node_profile+edge_audit,交易边表未覆盖该账户，无法生成可信链路。,0,0.0,0,,,补充该账户完整交易流水或扩大子图抽样范围。
4176,0.9969153062144852,18,嫌疑人,D,数据缺边型：交易边表没有该账户历史交易，不能生成可信资金链路。,False,False,0,交易统计、图结构、动态资金图谱特征均为0，说明当前交易边表没有覆盖该账户行为。,开户时长分箱=80.80645161；地区编码=678；客户类型=对私,3,account_id_not_present_as_src_or_dst,True,model_score+node_profile+edge_audit,交易边表未覆盖该账户，无法生成可信链路。,0,0.0,0,,,补充该账户完整交易流水或扩大子图抽样范围。
10814,0.9968251104897627,19,嫌疑人,D,数据缺边型：交易边表没有该账户历史交易，不能生成可信资金链路。,False,False,0,交易统计、图结构、动态资金图谱特征均为0，说明当前交易边表没有覆盖该账户行为。,开户时长分箱=24.25806452；地区编码=416；客户类型=对公,3,account_id_not_present_as_src_or_dst,True,model_score+node_profile+edge_audit,交易边表未覆盖该账户，无法生成可信链路。,0,0.0,0,,,补充该账户完整交易流水或扩大子图抽样范围。
9070,0.9968070713448184,20,嫌疑人,D,数据缺边型：交易边表没有该账户历史交易，不能生成可信资金链路。,False,False,0,交易统计、图结构、动态资金图谱特征均为0，说明当前交易边表没有覆盖该账户行为。,开户时长分箱=97.16129032；地区编码=755；客户类型=对私,3,account_id_not_present_as_src_or_dst,True,model_score+node_profile+edge_audit,交易边表未覆盖该账户，无法生成可信链路。,0,0.0,0,,,补充该账户完整交易流水或扩大子图抽样范围。
3089,0.9965409939568864,21,嫌疑人,D,数据缺边型：交易边表没有该账户历史交易，不能生成可信资金链路。,False,False,0,交易统计、图结构、动态资金图谱特征均为0，说明当前交易边表没有覆盖该账户行为。,开户时长分箱=49.58064516；地区编码=394；客户类型=对私,3,account_id_not_present_as_src_or_dst,True,model_score+node_profile+edge_audit,交易边表未覆盖该账户，无法生成可信链路。,0,0.0,0,,,补充该账户完整交易流水或扩大子图抽样范围。
10443,0.9955984486335347,26,嫌疑人,D,数据缺边型：交易边表没有该账户历史交易，不能生成可信资金链路。,False,False,0,交易统计、图结构、动态资金图谱特征均为0，说明当前交易边表没有覆盖该账户行为。,开户时长分箱=9.0；地区编码=468；客户类型=对私,3,account_id_not_present_as_src_or_dst,True,model_score+node_profile+edge_audit,交易边表未覆盖该账户，无法生成可信链路。,0,0.0,0,,,补充该账户完整交易流水或扩大子图抽样范围。
5545,0.9955353116262288,27,嫌疑人,D,数据缺边型：交易边表没有该账户历史交易，不能生成可信资金链路。,False,False,0,交易统计、图结构、动态资金图谱特征均为0，说明当前交易边表没有覆盖该账户行为。,开户时长分箱=93.0；地区编码=733；客户类型=对私,3,account_id_not_present_as_src_or_dst,True,model_score+node_profile+edge_audit,交易边表未覆盖该账户，无法生成可信链路。,0,0.0,0,,,补充该账户完整交易流水或扩大子图抽样范围。
4954,0.9955172724812844,28,嫌疑人,D,数据缺边型：交易边表没有该账户历史交易，不能生成可信资金链路。,False,False,0,交易统计、图结构、动态资金图谱特征均为0，说明当前交易边表没有覆盖该账户行为。,开户时长分箱=73.41935484；地区编码=444；客户类型=对私,3,account_id_not_present_as_src_or_dst,True,model_score+node_profile+edge_audit,交易边表未覆盖该账户，无法生成可信链路。,0,0.0,0,,,补充该账户完整交易流水或扩大子图抽样范围。
4583,0.9953819788942004,29,嫌疑人,D,数据缺边型：交易边表没有该账户历史交易，不能生成可信资金链路。,False,False,0,交易统计、图结构、动态资金图谱特征均为0，说明当前交易边表没有覆盖该账户行为。,开户时长分箱=52.09677419；地区编码=463；客户类型=对公,3,account_id_not_present_as_src_or_dst,True,model_score+node_profile+edge_audit,交易边表未覆盖该账户，无法生成可信链路。,0,0.0,0,,,补充该账户完整交易流水或扩大子图抽样范围。
1591,0.9953278614593668,30,嫌疑人,D,数据缺边型：交易边表没有该账户历史交易，不能生成可信资金链路。,False,False,0,交易统计、图结构、动态资金图谱特征均为0，说明当前交易边表没有覆盖该账户行为。,开户时长分箱=5.80645161；地区编码=33；客户类型=对私,3,account_id_not_present_as_src_or_dst,True,model_score+node_profile+edge_audit,交易边表未覆盖该账户，无法生成可信链路。,0,0.0,0,,,补充该账户完整交易流水或扩大子图抽样范围。
7586,0.9952827635970056,31,嫌疑人,D,数据缺边型：交易边表没有该账户历史交易，不能生成可信资金链路。,False,False,0,交易统计、图结构、动态资金图谱特征均为0，说明当前交易边表没有覆盖该账户行为。,开户时长分箱=18.12903226；地区编码=761；客户类型=对私,3,account_id_not_present_as_src_or_dst,True,model_score+node_profile+edge_audit,交易边表未覆盖该账户，无法生成可信链路。,0,0.0,0,,,补充该账户完整交易流水或扩大子图抽样范围。
217,0.995237665734644,32,嫌疑人,D,数据缺边型：交易边表没有该账户历史交易，不能生成可信资金链路。,False,False,0,交易统计、图结构、动态资金图谱特征均为0，说明当前交易边表没有覆盖该账户行为。,开户时长分箱=44.22580645；地区编码=74；客户类型=对私,3,account_id_not_present_as_src_or_dst,True,model_score+node_profile+edge_audit,交易边表未覆盖该账户，无法生成可信链路。,0,0.0,0,,,补充该账户完整交易流水或扩大子图抽样范围。
4629,0.9950482547127266,35,嫌疑人,D,数据缺边型：交易边表没有该账户历史交易，不能生成可信资金链路。,False,False,0,交易统计、图结构、动态资金图谱特征均为0，说明当前交易边表没有覆盖该账户行为。,开户时长分箱=43.38709677；地区编码=255；客户类型=对私,3,account_id_not_present_as_src_or_dst,True,model_score+node_profile+edge_audit,交易边表未覆盖该账户，无法生成可信链路。,0,0.0,0,,,补充该账户完整交易流水或扩大子图抽样范围。
10604,0.9949670785604762,36,嫌疑人,D,数据缺边型：交易边表没有该账户历史交易，不能生成可信资金链路。,False,False,0,交易统计、图结构、动态资金图谱特征均为0，说明当前交易边表没有覆盖该账户行为。,开户时长分箱=70.70967742；地区编码=311；客户类型=对私,3,account_id_not_present_as_src_or_dst,True,model_score+node_profile+edge_audit,交易边表未覆盖该账户，无法生成可信链路。,0,0.0,0,,,补充该账户完整交易流水或扩大子图抽样范围。
3472,0.994552178226752,39,嫌疑人,D,数据缺边型：交易边表没有该账户历史交易，不能生成可信资金链路。,False,False,0,交易统计、图结构、动态资金图谱特征均为0，说明当前交易边表没有覆盖该账户行为。,开户时长分箱=82.4516129；地区编码=451；客户类型=对私,3,account_id_not_present_as_src_or_dst,True,model_score+node_profile+edge_audit,交易边表未覆盖该账户，无法生成可信链路。,0,0.0,0,,,补充该账户完整交易流水或扩大子图抽样范围。
279,0.994552178226752,38,嫌疑人,D,数据缺边型：交易边表没有该账户历史交易，不能生成可信资金链路。,False,False,0,交易统计、图结构、动态资金图谱特征均为0，说明当前交易边表没有覆盖该账户行为。,开户时长分箱=37.16129032；地区编码=77；客户类型=对私,3,account_id_not_present_as_src_or_dst,True,model_score+node_profile+edge_audit,交易边表未覆盖该账户，无法生成可信链路。,0,0.0,0,,,补充该账户完整交易流水或扩大子图抽样范围。
9610,0.9942274736177504,40,嫌疑人,D,数据缺边型：交易边表没有该账户历史交易，不能生成可信资金链路。,False,False,0,交易统计、图结构、动态资金图谱特征均为0，说明当前交易边表没有覆盖该账户行为。,开户时长分箱=22.4516129；地区编码=664；客户类型=对私,3,account_id_not_present_as_src_or_dst,True,model_score+node_profile+edge_audit,交易边表未覆盖该账户，无法生成可信链路。,0,0.0,0,,,补充该账户完整交易流水或扩大子图抽样范围。
8771,0.9938576711463876,43,嫌疑人,D,数据缺边型：交易边表没有该账户历史交易，不能生成可信资金链路。,False,False,0,交易统计、图结构、动态资金图谱特征均为0，说明当前交易边表没有覆盖该账户行为。,开户时长分箱=87.5483871；地区编码=690；客户类型=对私,3,account_id_not_present_as_src_or_dst,True,model_score+node_profile+edge_audit,交易边表未覆盖该账户，无法生成可信链路。,0,0.0,0,,,补充该账户完整交易流水或扩大子图抽样范围。
10087,0.9937945341390816,44,嫌疑人,D,数据缺边型：交易边表没有该账户历史交易，不能生成可信资金链路。,False,False,0,交易统计、图结构、动态资金图谱特征均为0，说明当前交易边表没有覆盖该账户行为。,开户时长分箱=8.64516129；地区编码=381；客户类型=对私,3,account_id_not_present_as_src_or_dst,True,model_score+node_profile+edge_audit,交易边表未覆盖该账户，无法生成可信链路。,0,0.0,0,,,补充该账户完整交易流水或扩大子图抽样范围。
3322,0.9932984576531072,45,嫌疑人,D,数据缺边型：交易边表没有该账户历史交易，不能生成可信资金链路。,False,False,0,交易统计、图结构、动态资金图谱特征均为0，说明当前交易边表没有覆盖该账户行为。,开户时长分箱=75.09677419；地区编码=860；客户类型=对私,3,account_id_not_present_as_src_or_dst,True,model_score+node_profile+edge_audit,交易边表未覆盖该账户，无法生成可信链路。,0,0.0,0,,,补充该账户完整交易流水或扩大子图抽样范围。
6155,0.9931451249210788,47,嫌疑人,D,数据缺边型：交易边表没有该账户历史交易，不能生成可信资金链路。,False,False,0,交易统计、图结构、动态资金图谱特征均为0，说明当前交易边表没有覆盖该账户行为。,开户时长分箱=45.38709677；地区编码=723；客户类型=对私,3,account_id_not_present_as_src_or_dst,True,model_score+node_profile+edge_audit,交易边表未覆盖该账户，无法生成可信链路。,0,0.0,0,,,补充该账户完整交易流水或扩大子图抽样范围。
2422,0.992270226391269,50,嫌疑人,D,数据缺边型：交易边表没有该账户历史交易，不能生成可信资金链路。,False,False,0,交易统计、图结构、动态资金图谱特征均为0，说明当前交易边表没有覆盖该账户行为。,开户时长分箱=134.06451613；地区编码=690；客户类型=对私,3,account_id_not_present_as_src_or_dst,True,model_score+node_profile+edge_audit,交易边表未覆盖该账户，无法生成可信链路。,0,0.0,0,,,补充该账户完整交易流水或扩大子图抽样范围。
4664,0.9919951294308648,52,嫌疑人,D,数据缺边型：交易边表没有该账户历史交易，不能生成可信资金链路。,False,False,0,交易统计、图结构、动态资金图谱特征均为0，说明当前交易边表没有覆盖该账户行为。,开户时长分箱=97.0；地区编码=799；客户类型=对私,3,account_id_not_present_as_src_or_dst,True,model_score+node_profile+edge_audit,交易边表未覆盖该账户，无法生成可信链路。,0,0.0,0,,,补充该账户完整交易流水或扩大子图抽样范围。
11051,0.9893388653377828,72,嫌疑人,D,数据缺边型：交易边表没有该账户历史交易，不能生成可信资金链路。,False,False,0,交易统计、图结构、动态资金图谱特征均为0，说明当前交易边表没有覆盖该账户行为。,开户时长分箱=108.41935484；地区编码=666；客户类型=对私,3,account_id_not_present_as_src_or_dst,True,model_score+node_profile+edge_audit,交易边表未覆盖该账户，无法生成可信链路。,0,0.0,0,,,补充该账户完整交易流水或扩大子图抽样范围。
8820,0.9887435735546136,79,嫌疑人,D,数据缺边型：交易边表没有该账户历史交易，不能生成可信资金链路。,False,False,0,交易统计、图结构、动态资金图谱特征均为0，说明当前交易边表没有覆盖该账户行为。,开户时长分箱=34.38709677；地区编码=37；客户类型=对私,3,account_id_not_present_as_src_or_dst,True,model_score+node_profile+edge_audit,交易边表未覆盖该账户，无法生成可信链路。,0,0.0,0,,,补充该账户完整交易流水或扩大子图抽样范围。
2398,0.98868945611978,80,嫌疑人,D,数据缺边型：交易边表没有该账户历史交易，不能生成可信资金链路。,False,False,0,交易统计、图结构、动态资金图谱特征均为0，说明当前交易边表没有覆盖该账户行为。,开户时长分箱=140.09677419；地区编码=731；客户类型=对私,3,account_id_not_present_as_src_or_dst,True,model_score+node_profile+edge_audit,交易边表未覆盖该账户，无法生成可信链路。,0,0.0,0,,,补充该账户完整交易流水或扩大子图抽样范围。
2413,0.9885992603950572,82,嫌疑人,D,数据缺边型：交易边表没有该账户历史交易，不能生成可信资金链路。,False,False,0,交易统计、图结构、动态资金图谱特征均为0，说明当前交易边表没有覆盖该账户行为。,开户时长分箱=46.32258065；地区编码=551；客户类型=对私,3,account_id_not_present_as_src_or_dst,True,model_score+node_profile+edge_audit,交易边表未覆盖该账户，无法生成可信链路。,0,0.0,0,,,补充该账户完整交易流水或扩大子图抽样范围。
4859,0.9882474970686388,87,嫌疑人,D,数据缺边型：交易边表没有该账户历史交易，不能生成可信资金链路。,False,False,0,交易统计、图结构、动态资金图谱特征均为0，说明当前交易边表没有覆盖该账户行为。,开户时长分箱=39.83870968；地区编码=860；客户类型=对私,3,account_id_not_present_as_src_or_dst,True,model_score+node_profile+edge_audit,交易边表未覆盖该账户，无法生成可信链路。,0,0.0,0,,,补充该账户完整交易流水或扩大子图抽样范围。
4288,0.9873139713177594,95,嫌疑人,D,数据缺边型：交易边表没有该账户历史交易，不能生成可信资金链路。,False,False,0,交易统计、图结构、动态资金图谱特征均为0，说明当前交易边表没有覆盖该账户行为。,开户时长分箱=11.19354839；地区编码=166；客户类型=对私,3,account_id_not_present_as_src_or_dst,True,model_score+node_profile+edge_audit,交易边表未覆盖该账户，无法生成可信链路。,0,0.0,0,,,补充该账户完整交易流水或扩大子图抽样范围。
9373,0.9856047623342654,111,嫌疑人,D,数据缺边型：交易边表没有该账户历史交易，不能生成可信资金链路。,False,False,0,交易统计、图结构、动态资金图谱特征均为0，说明当前交易边表没有覆盖该账户行为。,开户时长分箱=69.96774194；地区编码=211；客户类型=对私,3,account_id_not_present_as_src_or_dst,True,model_score+node_profile+edge_audit,交易边表未覆盖该账户，无法生成可信链路。,0,0.0,0,,,补充该账户完整交易流水或扩大子图抽样范围。
5714,0.9847659420943446,116,嫌疑人,D,数据缺边型：交易边表没有该账户历史交易，不能生成可信资金链路。,False,False,0,交易统计、图结构、动态资金图谱特征均为0，说明当前交易边表没有覆盖该账户行为。,开户时长分箱=144.67741935；地区编码=585；客户类型=对公,3,account_id_not_present_as_src_or_dst,True,model_score+node_profile+edge_audit,交易边表未覆盖该账户，无法生成可信链路。,0,0.0,0,,,补充该账户完整交易流水或扩大子图抽样范围。
4625,0.9841075133038693,120,嫌疑人,D,数据缺边型：交易边表没有该账户历史交易，不能生成可信资金链路。,False,False,0,交易统计、图结构、动态资金图谱特征均为0，说明当前交易边表没有覆盖该账户行为。,开户时长分箱=7.51612903；地区编码=17；客户类型=对私,3,account_id_not_present_as_src_or_dst,True,model_score+node_profile+edge_audit,交易边表未覆盖该账户，无法生成可信链路。,0,0.0,0,,,补充该账户完整交易流水或扩大子图抽样范围。
1733,0.9839090827094796,121,嫌疑人,D,数据缺边型：交易边表没有该账户历史交易，不能生成可信资金链路。,False,False,0,交易统计、图结构、动态资金图谱特征均为0，说明当前交易边表没有覆盖该账户行为。,开户时长分箱=113.51612903；地区编码=311；客户类型=对私,3,account_id_not_present_as_src_or_dst,True,model_score+node_profile+edge_audit,交易边表未覆盖该账户，无法生成可信链路。,0,0.0,0,,,补充该账户完整交易流水或扩大子图抽样范围。
10774,0.9833679083611436,126,嫌疑人,D,数据缺边型：交易边表没有该账户历史交易，不能生成可信资金链路。,False,False,0,交易统计、图结构、动态资金图谱特征均为0，说明当前交易边表没有覆盖该账户行为。,开户时长分箱=134.35483871；地区编码=599；客户类型=对私,3,account_id_not_present_as_src_or_dst,True,model_score+node_profile+edge_audit,交易边表未覆盖该账户，无法生成可信链路。,0,0.0,0,,,补充该账户完整交易流水或扩大子图抽样范围。
113,0.9825471272661676,129,嫌疑人,D,数据缺边型：交易边表没有该账户历史交易，不能生成可信资金链路。,False,False,0,交易统计、图结构、动态资金图谱特征均为0，说明当前交易边表没有覆盖该账户行为。,开户时长分箱=64.96774194；地区编码=655；客户类型=对私,3,account_id_not_present_as_src_or_dst,True,model_score+node_profile+edge_audit,交易边表未覆盖该账户，无法生成可信链路。,0,0.0,0,,,补充该账户完整交易流水或扩大子图抽样范围。
223,0.982285559664472,135,嫌疑人,D,数据缺边型：交易边表没有该账户历史交易，不能生成可信资金链路。,False,False,0,交易统计、图结构、动态资金图谱特征均为0，说明当前交易边表没有覆盖该账户行为。,开户时长分箱=20.83870968；地区编码=911；客户类型=对私,3,account_id_not_present_as_src_or_dst,True,model_score+node_profile+edge_audit,交易边表未覆盖该账户，无法生成可信链路。,0,0.0,0,,,补充该账户完整交易流水或扩大子图抽样范围。
9721,0.980995760800938,140,嫌疑人,D,数据缺边型：交易边表没有该账户历史交易，不能生成可信资金链路。,False,False,0,交易统计、图结构、动态资金图谱特征均为0，说明当前交易边表没有覆盖该账户行为。,开户时长分箱=82.90322581；地区编码=877；客户类型=对私,3,account_id_not_present_as_src_or_dst,True,model_score+node_profile+edge_audit,交易边表未覆盖该账户，无法生成可信链路。,0,0.0,0,,,补充该账户完整交易流水或扩大子图抽样范围。
8753,0.9807522323441868,143,嫌疑人,D,数据缺边型：交易边表没有该账户历史交易，不能生成可信资金链路。,False,False,0,交易统计、图结构、动态资金图谱特征均为0，说明当前交易边表没有覆盖该账户行为。,开户时长分箱=79.48387097；地区编码=125；客户类型=对私,3,account_id_not_present_as_src_or_dst,True,model_score+node_profile+edge_audit,交易边表未覆盖该账户，无法生成可信链路。,0,0.0,0,,,补充该账户完整交易流水或扩大子图抽样范围。
6830,0.977523225399116,178,嫌疑人,D,数据缺边型：交易边表没有该账户历史交易，不能生成可信资金链路。,False,False,0,交易统计、图结构、动态资金图谱特征均为0，说明当前交易边表没有覆盖该账户行为。,开户时长分箱=150.48387097；地区编码=277；客户类型=对私,3,account_id_not_present_as_src_or_dst,True,model_score+node_profile+edge_audit,交易边表未覆盖该账户，无法生成可信链路。,0,0.0,0,,,补充该账户完整交易流水或扩大子图抽样范围。
3050,0.9772796969423648,181,嫌疑人,D,数据缺边型：交易边表没有该账户历史交易，不能生成可信资金链路。,False,False,0,交易统计、图结构、动态资金图谱特征均为0，说明当前交易边表没有覆盖该账户行为。,开户时长分箱=263.87096774；地区编码=556；客户类型=对私,3,account_id_not_present_as_src_or_dst,True,model_score+node_profile+edge_audit,交易边表未覆盖该账户，无法生成可信链路。,0,0.0,0,,,补充该账户完整交易流水或扩大子图抽样范围。
6094,0.9753630377920086,202,嫌疑人,D,数据缺边型：交易边表没有该账户历史交易，不能生成可信资金链路。,False,False,0,交易统计、图结构、动态资金图谱特征均为0，说明当前交易边表没有覆盖该账户行为。,开户时长分箱=188.74193548；地区编码=949；客户类型=对公,3,account_id_not_present_as_src_or_dst,True,model_score+node_profile+edge_audit,交易边表未覆盖该账户，无法生成可信链路。,0,0.0,0,,,补充该账户完整交易流水或扩大子图抽样范围。
