root_account_id,window,src,dst,txn_count,amount_sum,amount_bin,first_time,last_time,self_loop_count,non_positive_count
9365,2025-09,9365,5918,1,300000.0,b4,2025-09-30 09:48:34,2025-09-30 09:48:34,0,0
9365,2025-09,9365,1511,1,300000.0,b4,2025-09-30 09:48:34,2025-09-30 09:48:34,0,0
2076,2025-09,9215,7629,34,55512758.94,b4,2025-09-04 10:17:17,2025-09-29 14:53:15,0,0
2076,2025-09,7629,7629,34,55512758.94,b4,2025-09-04 10:17:17,2025-09-29 14:53:15,34,0
2076,2025-09,7629,9215,34,55512758.940000005,b4,2025-09-04 10:17:17,2025-09-29 14:53:15,0,0
2076,2025-09,9215,9215,34,55512758.940000005,b4,2025-09-04 10:17:17,2025-09-29 14:53:15,34,0
2076,2025-09,7629,2076,2,455.1,b0,2025-09-24 13:29:41,2025-09-24 13:31:34,0,0
2076,2025-09,9215,2076,2,455.1,b0,2025-09-24 13:29:41,2025-09-24 13:31:34,0,0
2076,2025-10,7629,7629,16,611838.84,b4,2025-10-09 15:11:22,2025-10-29 15:13:19,16,0
2076,2025-10,9215,7629,16,611838.84,b4,2025-10-09 15:11:22,2025-10-29 15:13:19,0,0
2076,2025-10,7629,9215,16,611838.84,b4,2025-10-09 15:11:22,2025-10-29 15:13:19,0,0
2076,2025-10,9215,9215,16,611838.84,b4,2025-10-09 15:11:22,2025-10-29 15:13:19,16,0
2076,2025-10,7629,2076,5,2089.0,b0,2025-10-17 13:54:10,2025-10-24 15:14:06,0,0
2076,2025-10,9215,2076,5,2089.0,b0,2025-10-17 13:54:10,2025-10-24 15:14:06,0,0
2076,2025-11,7629,7629,41,2284969.03,b4,2025-11-05 09:36:09,2025-11-28 09:18:11,41,0
2076,2025-11,7629,9215,41,2284969.03,b4,2025-11-05 09:36:09,2025-11-28 09:18:11,0,0
2076,2025-11,9215,7629,41,2284969.03,b4,2025-11-05 09:36:09,2025-11-28 09:18:11,0,0
2076,2025-11,9215,9215,41,2284969.03,b4,2025-11-05 09:36:09,2025-11-28 09:18:11,41,0
2076,2025-12,7629,7629,62,36253084.15,b4,2025-12-01 14:30:37,2025-12-25 11:04:52,62,0
2076,2025-12,7629,9215,62,36253084.15,b4,2025-12-01 14:30:37,2025-12-25 11:04:52,0,0
2076,2025-12,9215,7629,62,36253084.15,b4,2025-12-01 14:30:37,2025-12-25 11:04:52,0,0
2076,2025-12,9215,9215,62,36253084.15,b4,2025-12-01 14:30:37,2025-12-25 11:04:52,62,0
10433,2025-09,9215,7629,34,55512758.94,b4,2025-09-04 10:17:17,2025-09-29 14:53:15,0,0
10433,2025-09,7629,7629,34,55512758.94,b4,2025-09-04 10:17:17,2025-09-29 14:53:15,34,0
10433,2025-09,7629,9215,34,55512758.940000005,b4,2025-09-04 10:17:17,2025-09-29 14:53:15,0,0
10433,2025-09,9215,9215,34,55512758.940000005,b4,2025-09-04 10:17:17,2025-09-29 14:53:15,34,0
10433,2025-10,7629,7629,16,611838.84,b4,2025-10-09 15:11:22,2025-10-29 15:13:19,16,0
10433,2025-10,9215,7629,16,611838.84,b4,2025-10-09 15:11:22,2025-10-29 15:13:19,0,0
10433,2025-10,7629,9215,16,611838.84,b4,2025-10-09 15:11:22,2025-10-29 15:13:19,0,0
10433,2025-10,9215,9215,16,611838.84,b4,2025-10-09 15:11:22,2025-10-29 15:13:19,16,0
10433,2025-10,7629,10433,2,13087.0,b2,2025-10-14 13:54:18,2025-10-15 15:08:10,0,0
10433,2025-10,9215,10433,2,13087.0,b2,2025-10-14 13:54:18,2025-10-15 15:08:10,0,0
10433,2025-11,7629,7629,41,2284969.03,b4,2025-11-05 09:36:09,2025-11-28 09:18:11,41,0
10433,2025-11,7629,9215,41,2284969.03,b4,2025-11-05 09:36:09,2025-11-28 09:18:11,0,0
10433,2025-11,9215,7629,41,2284969.03,b4,2025-11-05 09:36:09,2025-11-28 09:18:11,0,0
10433,2025-11,9215,9215,41,2284969.03,b4,2025-11-05 09:36:09,2025-11-28 09:18:11,41,0
10433,2025-12,7629,7629,62,36253084.15,b4,2025-12-01 14:30:37,2025-12-25 11:04:52,62,0
10433,2025-12,7629,9215,62,36253084.15,b4,2025-12-01 14:30:37,2025-12-25 11:04:52,0,0
10433,2025-12,9215,7629,62,36253084.15,b4,2025-12-01 14:30:37,2025-12-25 11:04:52,0,0
10433,2025-12,9215,9215,62,36253084.15,b4,2025-12-01 14:30:37,2025-12-25 11:04:52,62,0
7083,2025-09,1428,7083,1,140000.0,b3,2025-09-23 09:11:04,2025-09-23 09:11:04,0,0
7083,2025-09,4704,7083,1,140000.0,b3,2025-09-23 09:11:04,2025-09-23 09:11:04,0,0
4155,2025-09,4704,4155,1,140000.0,b3,2025-09-23 09:11:04,2025-09-23 09:11:04,0,0
4155,2025-09,1428,4155,1,140000.0,b3,2025-09-23 09:11:04,2025-09-23 09:11:04,0,0
8086,2025-09,8086,10093,1,5000.0,b1,2025-09-09 21:38:52,2025-09-09 21:38:52,0,0
9227,2025-09,1666,9227,2,885000.0,b4,2025-09-03 09:42:00,2025-09-08 09:33:30,0,0
9227,2025-09,2019,9227,2,885000.0,b4,2025-09-03 09:42:00,2025-09-08 09:33:30,0,0
6739,2025-09,6739,9429,1,7473523.0,b4,2025-09-18 10:52:12,2025-09-18 10:52:12,0,0
6739,2025-09,6739,4577,1,7473523.0,b4,2025-09-18 10:52:12,2025-09-18 10:52:12,0,0
4925,2025-09,4925,4577,1,1000.0,b0,2025-09-26 14:40:36,2025-09-26 14:40:36,0,0
4925,2025-09,4925,9429,1,1000.0,b0,2025-09-26 14:40:36,2025-09-26 14:40:36,0,0
7578,2025-11,9172,7578,1,20000000.0,b4,2025-11-12 16:02:24,2025-11-12 16:02:24,0,0
7578,2025-11,1598,7578,1,20000000.0,b4,2025-11-12 16:02:24,2025-11-12 16:02:24,0,0
4630,2025-09,4630,143,1,3640.11,b1,2025-09-03 12:14:11,2025-09-03 12:14:11,0,0
4630,2025-09,4630,2791,1,3640.11,b1,2025-09-03 12:14:11,2025-09-03 12:14:11,0,0
2542,2025-09,9215,7629,34,55512758.94,b4,2025-09-04 10:17:17,2025-09-29 14:53:15,0,0
2542,2025-09,7629,7629,34,55512758.94,b4,2025-09-04 10:17:17,2025-09-29 14:53:15,34,0
2542,2025-09,7629,9215,34,55512758.940000005,b4,2025-09-04 10:17:17,2025-09-29 14:53:15,0,0
2542,2025-09,9215,9215,34,55512758.940000005,b4,2025-09-04 10:17:17,2025-09-29 14:53:15,34,0
2542,2025-09,7629,2542,2,6650.0,b1,2025-09-15 09:52:07,2025-09-28 14:55:05,0,0
2542,2025-09,9215,2542,2,6650.0,b1,2025-09-15 09:52:07,2025-09-28 14:55:05,0,0
2542,2025-10,7629,7629,16,611838.84,b4,2025-10-09 15:11:22,2025-10-29 15:13:19,16,0
2542,2025-10,9215,7629,16,611838.84,b4,2025-10-09 15:11:22,2025-10-29 15:13:19,0,0
2542,2025-10,7629,9215,16,611838.84,b4,2025-10-09 15:11:22,2025-10-29 15:13:19,0,0
2542,2025-10,9215,9215,16,611838.84,b4,2025-10-09 15:11:22,2025-10-29 15:13:19,16,0
2542,2025-11,7629,7629,41,2284969.03,b4,2025-11-05 09:36:09,2025-11-28 09:18:11,41,0
2542,2025-11,7629,9215,41,2284969.03,b4,2025-11-05 09:36:09,2025-11-28 09:18:11,0,0
2542,2025-11,9215,7629,41,2284969.03,b4,2025-11-05 09:36:09,2025-11-28 09:18:11,0,0
2542,2025-11,9215,9215,41,2284969.03,b4,2025-11-05 09:36:09,2025-11-28 09:18:11,41,0
2542,2025-12,7629,7629,62,36253084.15,b4,2025-12-01 14:30:37,2025-12-25 11:04:52,62,0
2542,2025-12,7629,9215,62,36253084.15,b4,2025-12-01 14:30:37,2025-12-25 11:04:52,0,0
2542,2025-12,9215,7629,62,36253084.15,b4,2025-12-01 14:30:37,2025-12-25 11:04:52,0,0
2542,2025-12,9215,9215,62,36253084.15,b4,2025-12-01 14:30:37,2025-12-25 11:04:52,62,0
2081,2025-09,1511,2081,1,50546193.42,b4,2025-09-26 09:34:48,2025-09-26 09:34:48,0,0
2081,2025-09,5918,2081,1,50546193.42,b4,2025-09-26 09:34:48,2025-09-26 09:34:48,0,0
9400,2025-09,9215,7629,34,55512758.94,b4,2025-09-04 10:17:17,2025-09-29 14:53:15,0,0
9400,2025-09,7629,7629,34,55512758.94,b4,2025-09-04 10:17:17,2025-09-29 14:53:15,34,0
9400,2025-09,7629,9215,34,55512758.940000005,b4,2025-09-04 10:17:17,2025-09-29 14:53:15,0,0
9400,2025-09,9215,9215,34,55512758.940000005,b4,2025-09-04 10:17:17,2025-09-29 14:53:15,34,0
9400,2025-09,7629,9400,1,650.0,b0,2025-09-26 15:21:57,2025-09-26 15:21:57,0,0
9400,2025-09,9215,9400,1,650.0,b0,2025-09-26 15:21:57,2025-09-26 15:21:57,0,0
9400,2025-10,7629,7629,16,611838.84,b4,2025-10-09 15:11:22,2025-10-29 15:13:19,16,0
9400,2025-10,9215,7629,16,611838.84,b4,2025-10-09 15:11:22,2025-10-29 15:13:19,0,0
9400,2025-10,7629,9215,16,611838.84,b4,2025-10-09 15:11:22,2025-10-29 15:13:19,0,0
9400,2025-10,9215,9215,16,611838.84,b4,2025-10-09 15:11:22,2025-10-29 15:13:19,16,0
9400,2025-11,7629,7629,41,2284969.03,b4,2025-11-05 09:36:09,2025-11-28 09:18:11,41,0
9400,2025-11,7629,9215,41,2284969.03,b4,2025-11-05 09:36:09,2025-11-28 09:18:11,0,0
9400,2025-11,9215,7629,41,2284969.03,b4,2025-11-05 09:36:09,2025-11-28 09:18:11,0,0
9400,2025-11,9215,9215,41,2284969.03,b4,2025-11-05 09:36:09,2025-11-28 09:18:11,41,0
9400,2025-12,7629,7629,62,36253084.15,b4,2025-12-01 14:30:37,2025-12-25 11:04:52,62,0
9400,2025-12,7629,9215,62,36253084.15,b4,2025-12-01 14:30:37,2025-12-25 11:04:52,0,0
9400,2025-12,9215,7629,62,36253084.15,b4,2025-12-01 14:30:37,2025-12-25 11:04:52,0,0
9400,2025-12,9215,9215,62,36253084.15,b4,2025-12-01 14:30:37,2025-12-25 11:04:52,62,0
