account_id,customer_type,label_code,label_text,total_txn_count,total_amount_sum,fast_in_out_count_24h,graph_total_degree,pagerank
54,对私,2,受害人,0.0,0.0,0,0.0,3.0677439183055704e-05
55,对私,2,受害人,0.0,0.0,0,0.0,3.0677439183055704e-05
59,对私,2,受害人,0.0,0.0,0,0.0,3.0677439183055704e-05
63,对私,2,受害人,92.0,506657.32,18,4.0,5.031719133507258e-05
64,对私,2,受害人,0.0,0.0,0,0.0,3.0677439183055704e-05
65,对私,2,受害人,0.0,0.0,0,0.0,3.0677439183055704e-05
66,对私,2,受害人,0.0,0.0,0,0.0,3.0677439183055704e-05
87,对私,2,受害人,0.0,0.0,0,0.0,3.0677439183055704e-05
89,对私,2,受害人,0.0,0.0,0,0.0,3.0677439183055704e-05
92,对私,2,受害人,0.0,0.0,0,0.0,3.0677439183055704e-05
93,对私,2,受害人,0.0,0.0,0,0.0,3.0677439183055704e-05
97,对私,2,受害人,0.0,0.0,0,0.0,3.0677439183055704e-05
98,对私,2,受害人,0.0,0.0,0,0.0,3.0677439183055704e-05
150,对私,2,受害人,0.0,0.0,0,0.0,3.0677439183055704e-05
154,对私,2,受害人,0.0,0.0,0,0.0,3.0677439183055704e-05
159,对私,2,受害人,0.0,0.0,0,0.0,3.0677439183055704e-05
160,对私,2,受害人,0.0,0.0,0,0.0,3.0677439183055704e-05
165,对私,2,受害人,0.0,0.0,0,0.0,3.0677439183055704e-05
185,对私,2,受害人,0.0,0.0,0,0.0,3.0677439183055704e-05
189,对私,2,受害人,0.0,0.0,0,0.0,3.0677439183055704e-05
320,对私,2,受害人,0.0,0.0,0,0.0,3.0677439183055704e-05
325,对私,2,受害人,0.0,0.0,0,0.0,3.0677439183055704e-05
328,对私,2,受害人,0.0,0.0,0,0.0,3.0677439183055704e-05
329,对私,2,受害人,0.0,0.0,0,0.0,3.0677439183055704e-05
333,对私,2,受害人,0.0,0.0,0,0.0,3.0677439183055704e-05
334,对私,2,受害人,0.0,0.0,0,0.0,3.0677439183055704e-05
335,对私,2,受害人,0.0,0.0,0,0.0,3.0677439183055704e-05
343,对私,2,受害人,0.0,0.0,0,0.0,3.0677439183055704e-05
347,对私,2,受害人,0.0,0.0,0,0.0,3.0677439183055704e-05
351,对私,2,受害人,0.0,0.0,0,0.0,3.0677439183055704e-05
354,对私,2,受害人,0.0,0.0,0,0.0,3.0677439183055704e-05
362,对私,2,受害人,0.0,0.0,0,0.0,3.0677439183055704e-05
370,对私,2,受害人,0.0,0.0,0,0.0,3.0677439183055704e-05
372,对私,2,受害人,0.0,0.0,0,0.0,3.0677439183055704e-05
374,对私,2,受害人,0.0,0.0,0,0.0,3.0677439183055704e-05
375,对私,2,受害人,0.0,0.0,0,0.0,3.0677439183055704e-05
378,对私,2,受害人,0.0,0.0,0,0.0,3.0677439183055704e-05
379,对私,2,受害人,0.0,0.0,0,0.0,3.0677439183055704e-05
383,对私,2,受害人,0.0,0.0,0,0.0,3.0677439183055704e-05
386,对私,2,受害人,0.0,0.0,0,0.0,3.0677439183055704e-05
387,对私,2,受害人,0.0,0.0,0,0.0,3.0677439183055704e-05
392,对私,2,受害人,0.0,0.0,0,0.0,3.0677439183055704e-05
398,对私,2,受害人,0.0,0.0,0,0.0,3.0677439183055704e-05
399,对私,2,受害人,0.0,0.0,0,0.0,3.0677439183055704e-05
409,对私,2,受害人,0.0,0.0,0,0.0,3.0677439183055704e-05
411,对私,2,受害人,0.0,0.0,0,0.0,3.0677439183055704e-05
413,对私,2,受害人,0.0,0.0,0,0.0,3.0677439183055704e-05
442,对私,2,受害人,0.0,0.0,0,0.0,3.0677439183055704e-05
443,对私,2,受害人,0.0,0.0,0,0.0,3.0677439183055704e-05
444,对私,2,受害人,0.0,0.0,0,0.0,3.0677439183055704e-05
446,对私,2,受害人,0.0,0.0,0,0.0,3.0677439183055704e-05
496,对私,2,受害人,0.0,0.0,0,0.0,3.0677439183055704e-05
508,对私,2,受害人,0.0,0.0,0,0.0,3.0677439183055704e-05
514,对私,2,受害人,0.0,0.0,0,0.0,3.0677439183055704e-05
517,对私,2,受害人,0.0,0.0,0,0.0,3.0677439183055704e-05
527,对私,2,受害人,0.0,0.0,0,0.0,3.0677439183055704e-05
528,对私,2,受害人,0.0,0.0,0,0.0,3.0677439183055704e-05
565,对私,2,受害人,0.0,0.0,0,0.0,3.0677439183055704e-05
566,对私,2,受害人,0.0,0.0,0,0.0,3.0677439183055704e-05
571,对私,2,受害人,0.0,0.0,0,0.0,3.0677439183055704e-05
577,对私,2,受害人,0.0,0.0,0,0.0,3.0677439183055704e-05
587,对私,2,受害人,0.0,0.0,0,0.0,3.0677439183055704e-05
588,对私,2,受害人,0.0,0.0,0,0.0,3.0677439183055704e-05
593,对私,2,受害人,0.0,0.0,0,0.0,3.0677439183055704e-05
596,对私,2,受害人,0.0,0.0,0,0.0,3.0677439183055704e-05
598,对私,2,受害人,0.0,0.0,0,0.0,3.0677439183055704e-05
605,对私,2,受害人,0.0,0.0,0,0.0,3.0677439183055704e-05
608,对私,2,受害人,0.0,0.0,0,0.0,3.0677439183055704e-05
612,对私,2,受害人,0.0,0.0,0,0.0,3.0677439183055704e-05
613,对私,2,受害人,0.0,0.0,0,0.0,3.0677439183055704e-05
615,对私,2,受害人,0.0,0.0,0,0.0,3.0677439183055704e-05
616,对私,2,受害人,0.0,0.0,0,0.0,3.0677439183055704e-05
617,对私,2,受害人,0.0,0.0,0,0.0,3.0677439183055704e-05
620,对私,2,受害人,0.0,0.0,0,0.0,3.0677439183055704e-05
624,对私,2,受害人,0.0,0.0,0,0.0,3.0677439183055704e-05
630,对私,2,受害人,0.0,0.0,0,0.0,3.0677439183055704e-05
633,对私,2,受害人,0.0,0.0,0,0.0,3.0677439183055704e-05
666,对私,2,受害人,0.0,0.0,0,0.0,3.0677439183055704e-05
668,对私,2,受害人,0.0,0.0,0,0.0,3.0677439183055704e-05
680,对私,2,受害人,0.0,0.0,0,0.0,3.0677439183055704e-05
683,对私,2,受害人,0.0,0.0,0,0.0,3.0677439183055704e-05
684,对私,2,受害人,0.0,0.0,0,0.0,3.0677439183055704e-05
695,对私,2,受害人,0.0,0.0,0,0.0,3.0677439183055704e-05
707,对私,2,受害人,0.0,0.0,0,0.0,3.0677439183055704e-05
708,对私,2,受害人,0.0,0.0,0,0.0,3.0677439183055704e-05
709,对私,2,受害人,0.0,0.0,0,0.0,3.0677439183055704e-05
710,对私,2,受害人,0.0,0.0,0,0.0,3.0677439183055704e-05
711,对私,2,受害人,0.0,0.0,0,0.0,3.0677439183055704e-05
739,对私,2,受害人,0.0,0.0,0,0.0,3.0677439183055704e-05
742,对私,2,受害人,0.0,0.0,0,0.0,3.0677439183055704e-05
747,对私,2,受害人,0.0,0.0,0,0.0,3.0677439183055704e-05
748,对私,2,受害人,0.0,0.0,0,0.0,3.0677439183055704e-05
750,对私,2,受害人,0.0,0.0,0,0.0,3.0677439183055704e-05
752,对私,2,受害人,0.0,0.0,0,0.0,3.0677439183055704e-05
758,对私,2,受害人,0.0,0.0,0,0.0,3.0677439183055704e-05
762,对私,2,受害人,0.0,0.0,0,0.0,3.0677439183055704e-05
763,对私,2,受害人,0.0,0.0,0,0.0,3.0677439183055704e-05
765,对私,2,受害人,0.0,0.0,0,0.0,3.0677439183055704e-05
861,对私,2,受害人,0.0,0.0,0,0.0,3.0677439183055704e-05
870,对私,2,受害人,0.0,0.0,0,0.0,3.0677439183055704e-05
